mode	rate	multi	cons/cont	pair_acc	alleles_rec	het	cpx_het	hom	ref	nonTRF	TRF	cons_diff%	cpu_s	escalated
phased	0.0	179	1.9	0.941	0.882	0.909	0.59	0.921	0.909	0.982	0.791	1.02	280	0
phased	0.01	181	1.93	0.93	0.886	0.909	0.59	0.921	0.909	0.982	0.791	1.2	311	0
phased	0.02	176	1.92	0.91	0.869	0.857	0.59	0.921	0.909	0.964	0.769	1.25	312	0
phased	0.03	173	1.9	0.879	0.856	0.857	0.513	0.921	0.909	0.929	0.761	1.45	310	0
phased	0.04	151	1.84	0.815	0.837	0.818	0.538	0.921	0.909	0.911	0.754	1.86	316	0
phased	0.05	132	1.74	0.738	0.801	0.766	0.436	0.921	0.909	0.857	0.716	2.63	313	0
phased	0.06	97	1.56	0.665	0.696	0.584	0.359	0.905	0.818	0.714	0.634	3.15	324	0
phased	0.07	60	1.39	0.578	0.569	0.364	0.103	0.921	0.818	0.607	0.485	3.68	350	0
phased	0.08	27	1.17	0.536	0.477	0.169	0.026	0.905	0.727	0.536	0.366	4.24	366	0
phased	0.09	10	1.06	0.512	0.418	0.065	0.0	0.905	0.636	0.482	0.313	4.58	406	0
phased	0.1	1	1.01	0.506	0.376	0.0	0.0	0.873	0.545	0.446	0.269	5.07	438	0
legacy	0.0	105	1.52	0.728	0.778	0.753	0.359	0.905	0.818	0.821	0.687	1.22	144	0
legacy	0.01	105	1.52	0.729	0.784	0.766	0.359	0.905	0.818	0.839	0.687	1.27	150	0
legacy	0.02	104	1.52	0.73	0.791	0.766	0.359	0.905	0.818	0.839	0.687	1.48	153	0
legacy	0.03	105	1.52	0.723	0.788	0.766	0.359	0.889	0.818	0.839	0.679	1.56	154	0
legacy	0.04	104	1.52	0.722	0.784	0.766	0.308	0.905	0.818	0.839	0.672	1.81	156	0
legacy	0.05	105	1.52	0.716	0.781	0.753	0.359	0.905	0.818	0.821	0.687	1.86	158	0
legacy	0.06	102	1.51	0.714	0.788	0.753	0.333	0.905	0.818	0.839	0.672	2.06	159	0
legacy	0.07	104	1.52	0.716	0.797	0.779	0.333	0.905	0.818	0.839	0.687	2.25	162	0
legacy	0.08	105	1.52	0.713	0.784	0.766	0.333	0.889	0.818	0.839	0.672	2.5	168	0
legacy	0.09	106	1.53	0.709	0.807	0.779	0.308	0.921	0.818	0.857	0.679	2.93	172	0
legacy	0.1	105	1.52	0.702	0.788	0.753	0.359	0.905	0.909	0.857	0.679	3.48	181	0
