crID	cat	trf	maxnet	new_purity	new_recovered	new_n_big	new_assigned	new_n_alleles	cur_purity	cur_recovered	cur_n_big	cur_assigned	cur_n_alleles
3	het	False	36	1.0	True	2	0.9523809523809523	2	1.0	True	2	1.0	2
4	het	True	100	1.0	True	2	0.9090909090909091	2	1.0	True	2	1.0	2
11	hom	False	2965	1.0	True	2	0.875	1	1.0	True	2	1.0	1
17	hom	False	310	1.0	True	2	0.9130434782608695	1	1.0	True	1	1.0	1
18	het	True	47	1.0	True	2	0.8181818181818182	2	0.8181818181818182	True	2	1.0	2
25	cpx_het	True	86	1.0	True	2	1.0	2	0.7222222222222222	False	1	1.0	2
34	hom	True	36	1.0	True	2	0.9130434782608695	1	1.0	True	1	1.0	1
35	het	False	338	1.0	True	2	0.8823529411764706	2	1.0	True	2	1.0	2
36	het	True	54	1.0	True	2	1.0	2	0.9583333333333334	True	2	1.0	2
37	cpx_het	True	5216	1.0	False	1	0.8125	2	1.0	True	2	1.0	2
42	het	False	32	1.0	True	2	0.8518518518518519	2	0.9629629629629629	True	2	1.0	2
45	ref	True	0	1.0	True	2	0.875	1	1.0	True	1	1.0	1
48	het	True	32	1.0	True	2	0.9444444444444444	2	0.7222222222222222	False	1	1.0	2
52	het	True	48	1.0	True	2	0.96	2	0.96	True	2	1.0	2
55	cpx_het	True	931	0.9473684210526315	True	2	0.8636363636363636	2	0.9545454545454546	True	2	1.0	2
57	cpx_het	True	60	1.0	True	2	0.9444444444444444	2	1.0	True	2	1.0	2
59	hom	False	205	1.0	True	2	0.95	1	1.0	True	1	1.0	1
60	het	True	347	1.0	True	2	0.8666666666666667	2	0.9666666666666667	True	2	1.0	2
62	hom	True	150	1.0	True	2	0.9	1	1.0	True	1	1.0	1
66	hom	True	54	1.0	True	2	0.8620689655172413	1	1.0	True	2	1.0	1
70	het	True	943	1.0	True	2	0.9090909090909091	2	0.9545454545454546	True	2	1.0	2
72	het	True	36	1.0	True	2	0.8888888888888888	2	1.0	True	2	1.0	2
76	cpx_het	False	2109	1.0	True	2	0.9285714285714286	2	0.9642857142857143	True	2	1.0	2
82	cpx_het	True	193	1.0	True	2	1.0	2	0.9583333333333334	True	2	1.0	2
89	het	True	20	1.0	True	2	1.0	2	0.5555555555555556	False	1	1.0	2
97	het	True	123	1.0	True	2	1.0	2	1.0	True	2	1.0	2
109	het	True	64	1.0	True	2	0.9285714285714286	2	1.0	True	2	1.0	2
114	ref	False	0	1.0	True	2	0.9444444444444444	1	1.0	True	1	1.0	1
120	het	True	38	1.0	True	2	1.0	2	0.8666666666666667	True	2	1.0	2
129	het	True	30	1.0	True	2	0.9545454545454546	2	1.0	True	2	1.0	2
130	het	False	47	1.0	True	2	0.9166666666666666	2	1.0	True	2	1.0	2
133	cpx_het	True	110	1.0	True	2	1.0	2	0.5263157894736842	False	1	1.0	2
142	hom	True	52	1.0	True	1	1.0	1	1.0	True	1	1.0	1
144	het	True	2938	1.0	True	2	0.9285714285714286	2	0.8571428571428571	True	2	1.0	2
156	hom	False	325	1.0	True	2	0.9375	1	1.0	True	1	1.0	1
170	cpx_het	True	575	1.0	True	2	0.95	2	0.75	True	2	1.0	2
173	het	False	73	1.0	True	2	0.7857142857142857	2	1.0	True	2	1.0	2
177	het	True	46	1.0	True	2	1.0	2	1.0	True	2	1.0	2
187	hom	True	38	1.0	True	2	1.0	1	1.0	True	1	1.0	1
192	hom	True	132	1.0	True	1	0.4444444444444444	1	1.0	True	1	1.0	1
197	hom	False	419	1.0	True	2	0.8181818181818182	1	1.0	True	1	1.0	1
202	hom	False	31	1.0	False	0	0.3333333333333333	1	1.0	True	1	1.0	1
204	hom	True	84	1.0	True	2	0.7142857142857143	1	1.0	True	1	1.0	1
205	cpx_het	True	60	1.0	True	2	0.8	2	0.9666666666666667	True	2	1.0	2
209	het	True	35	1.0	True	2	0.9166666666666666	2	0.9166666666666666	True	2	1.0	2
213	het	True	32	1.0	True	2	0.9166666666666666	2	1.0	True	2	1.0	2
221	het	True	80	1.0	True	2	0.95	2	1.0	True	2	1.0	2
222	het	False	294	1.0	True	2	1.0	2	1.0	True	2	1.0	2
224	het	False	313	1.0	True	2	0.8095238095238095	2	1.0	True	2	1.0	2
233	het	False	1142	1.0	True	2	0.9393939393939394	2	0.8787878787878788	True	2	1.0	2
241	het	True	20	1.0	True	2	0.9565217391304348	2	0.6521739130434783	True	2	1.0	2
247	hom	True	58	1.0	True	2	1.0	1	1.0	True	1	1.0	1
264	cpx_het	False	121	0.5	False	1	0.6666666666666666	2	0.6666666666666666	False	1	1.0	2
272	cpx_het	True	54	1.0	True	2	0.9	2	0.95	True	2	1.0	2
275	het	True	150	1.0	True	2	0.8636363636363636	2	0.9545454545454546	True	2	1.0	2
276	het	True	260	1.0	True	2	0.9166666666666666	2	1.0	True	2	1.0	2
299	het	True	1412	1.0	True	2	1.0	2	1.0	True	2	1.0	2
326	het	True	36	1.0	True	2	1.0	2	1.0	True	2	1.0	2
328	cpx_het	True	1198	1.0	True	2	0.9545454545454546	2	0.9545454545454546	True	2	1.0	2
335	hom	True	858	1.0	True	2	0.8421052631578947	1	1.0	True	2	1.0	1
341	hom	True	36	1.0	True	2	0.8888888888888888	1	1.0	True	1	1.0	1
342	hom	True	52	1.0	False	0	0.6666666666666666	1	1.0	True	1	1.0	1
344	hom	True	35	1.0	True	2	0.9285714285714286	1	1.0	True	1	1.0	1
345	het	True	52	1.0	True	2	1.0	2	1.0	True	2	1.0	2
348	het	True	64	1.0	True	2	0.8125	2	0.9375	True	2	1.0	2
351	hom	False	793	1.0	True	2	0.8333333333333334	1	1.0	True	1	1.0	1
354	ref	False	0	1.0	True	2	0.95	1	1.0	True	1	1.0	1
362	hom	False	1009	1.0	True	2	0.9583333333333334	1	1.0	True	1	1.0	1
370	cpx_het	True	458	1.0	True	2	0.9	2	1.0	True	2	1.0	2
385	cpx_het	True	279	1.0	True	2	1.0	2	0.5	False	1	1.0	2
397	ref	False	0	1.0	True	2	0.9545454545454546	1	1.0	True	1	1.0	1
408	hom	True	147	1.0	True	2	0.9	1	1.0	True	1	1.0	1
409	hom	True	182	1.0	True	2	1.0	1	1.0	True	1	1.0	1
410	hom	False	53	1.0	True	2	1.0	1	1.0	True	1	1.0	1
411	het	True	135	1.0	True	2	0.9411764705882353	2	1.0	True	2	1.0	2
420	het	True	36	1.0	True	2	0.9375	2	1.0	True	2	1.0	2
421	hom	True	2460	1.0	True	2	0.9565217391304348	1	1.0	True	1	1.0	1
422	hom	False	162	1.0	True	2	1.0	1	1.0	True	1	1.0	1
428	hom	True	121	1.0	True	2	0.85	1	1.0	True	1	1.0	1
429	het	True	74	1.0	True	2	0.92	2	0.8	True	2	1.0	2
432	het	True	48	1.0	True	2	1.0	2	0.7692307692307693	False	1	1.0	2
434	hom	True	337	1.0	True	2	0.8947368421052632	1	1.0	True	1	1.0	1
435	ref	True	0	1.0	True	2	0.9090909090909091	1	1.0	True	1	1.0	1
436	het	True	194	1.0	True	2	1.0	2	1.0	True	2	1.0	2
443	hom	False	84	1.0	True	2	0.9090909090909091	1	1.0	True	1	1.0	1
444	hom	False	307	1.0	True	2	0.75	1	1.0	True	1	1.0	1
445	het	False	32	1.0	True	2	0.7692307692307693	2	1.0	True	2	1.0	2
446	het	False	40	1.0	True	2	0.6666666666666666	2	1.0	True	2	1.0	2
451	het	False	2844	1.0	False	1	1.0	2	1.0	False	1	1.0	2
454	hom	True	123	1.0	True	2	1.0	1	1.0	True	1	1.0	1
457	hom	False	332	1.0	True	2	0.9545454545454546	1	1.0	True	1	1.0	1
459	het	False	339	1.0	True	2	0.9545454545454546	2	0.9545454545454546	True	2	1.0	2
461	het	False	327	1.0	True	2	0.8518518518518519	2	1.0	True	2	1.0	2
464	cpx_het	True	662	1.0	True	2	0.8421052631578947	2	0.8947368421052632	True	2	1.0	2
468	het	False	24	1.0	True	2	0.7647058823529411	2	0.5294117647058824	False	1	1.0	2
470	hom	True	605	1.0	True	2	0.96	1	1.0	True	2	1.0	1
472	het	True	36	1.0	True	2	0.9523809523809523	2	1.0	True	2	1.0	2
475	hom	True	225	1.0	True	2	0.8235294117647058	1	1.0	True	1	1.0	1
477	het	True	80	1.0	True	2	0.8421052631578947	2	1.0	True	2	1.0	2
480	ref	False	0	1.0	True	2	0.9545454545454546	1	1.0	True	1	1.0	1
483	hom	False	319	1.0	True	2	0.9047619047619048	1	1.0	True	1	1.0	1
497	het	False	37	1.0	True	2	0.9583333333333334	2	1.0	True	2	1.0	2
511	hom	True	78	1.0	True	2	0.9333333333333333	1	1.0	True	1	1.0	1
513	het	True	64	1.0	True	2	1.0	2	1.0	True	2	1.0	2
516	hom	True	90	1.0	True	2	0.7692307692307693	1	1.0	True	1	1.0	1
519	hom	True	611	1.0	True	1	0.75	1	1.0	True	1	1.0	1
522	het	False	39	1.0	True	2	0.8928571428571429	2	0.9642857142857143	True	2	1.0	2
529	het	False	54	1.0	True	2	1.0	2	1.0	True	2	1.0	2
545	het	True	110	1.0	True	2	0.8333333333333334	2	0.9444444444444444	True	2	1.0	2
548	het	True	40	1.0	True	2	0.9375	2	0.9375	True	2	1.0	2
550	het	True	200	1.0	True	2	0.9	2	0.95	True	2	1.0	2
558	hom	True	64	1.0	True	2	0.8823529411764706	1	1.0	True	1	1.0	1
560	het	False	40	1.0	True	2	0.9230769230769231	2	1.0	True	2	1.0	2
575	cpx_het	True	243	1.0	True	2	0.8518518518518519	2	0.9629629629629629	True	2	1.0	2
576	cpx_het	True	122	1.0	True	2	0.9	2	1.0	True	2	1.0	2
593	ref	True	0	1.0	True	2	1.0	1	1.0	True	1	1.0	1
603	hom	False	20	1.0	True	2	0.8888888888888888	1	1.0	True	1	1.0	1
606	het	False	326	1.0	True	2	0.9090909090909091	2	0.9545454545454546	True	2	1.0	2
607	ref	True	0	1.0	True	2	0.875	1	1.0	True	1	1.0	1
610	cpx_het	True	48	1.0	True	2	0.9629629629629629	2	0.9629629629629629	True	2	1.0	2
611	het	True	65	1.0	True	2	0.8888888888888888	2	1.0	True	2	1.0	2
621	het	False	1481	1.0	True	2	0.8823529411764706	2	1.0	True	2	1.0	2
627	cpx_het	True	346	1.0	True	2	0.8181818181818182	2	0.9545454545454546	True	2	1.0	2
631	hom	False	93	1.0	True	2	0.9473684210526315	1	1.0	True	1	1.0	1
635	hom	True	47	1.0	True	2	0.9523809523809523	1	1.0	True	1	1.0	1
638	cpx_het	True	1019	1.0	True	2	0.9259259259259259	2	1.0	True	2	1.0	2
650	het	False	1445	1.0	True	2	0.8620689655172413	2	0.9655172413793104	True	2	1.0	2
657	cpx_het	True	81	1.0	True	2	1.0	2	1.0	True	2	1.0	2
659	cpx_het	True	3072	1.0	True	2	0.8695652173913043	2	1.0	True	2	1.0	2
666	hom	True	26	1.0	True	2	0.88	1	1.0	True	1	1.0	1
678	het	False	326	1.0	True	2	0.875	2	0.9375	True	2	1.0	2
680	het	False	312	1.0	True	2	0.9333333333333333	2	1.0	True	2	1.0	2
681	hom	False	323	1.0	True	2	0.9166666666666666	1	1.0	True	1	1.0	1
693	cpx_het	True	312	1.0	True	2	0.8	2	0.6666666666666666	False	1	1.0	2
694	het	False	538	1.0	True	2	0.7619047619047619	2	1.0	True	2	1.0	2
696	ref	True	0	1.0	True	2	0.8620689655172413	1	1.0	True	1	1.0	1
703	het	True	71	1.0	True	2	0.8823529411764706	2	1.0	True	2	1.0	2
705	het	True	20	1.0	True	2	0.9523809523809523	2	0.7142857142857143	False	1	1.0	2
707	cpx_het	True	56	1.0	True	2	0.9333333333333333	2	0.6666666666666666	False	1	1.0	2
708	cpx_het	True	866	1.0	True	2	1.0	2	0.6153846153846154	False	1	1.0	2
710	hom	True	136	1.0	True	2	1.0	1	1.0	True	1	1.0	1
723	het	True	45	1.0	True	2	0.9444444444444444	2	1.0	True	2	1.0	2
730	het	True	195	1.0	True	2	0.9	2	1.0	True	2	1.0	2
746	het	True	126	1.0	True	2	0.875	2	1.0	True	2	1.0	2
751	het	True	46	1.0	True	2	1.0	2	0.6875	True	2	1.0	2
753	het	True	48	0.6666666666666666	False	1	1.0	2	1.0	False	1	1.0	2
758	cpx_het	False	274	1.0	True	2	1.0	2	1.0	True	2	1.0	2
774	cpx_het	True	38	1.0	True	2	1.0	2	0.6	False	1	1.0	2
776	het	True	67	1.0	True	2	0.8823529411764706	2	1.0	True	2	1.0	2
777	hom	True	31	1.0	True	2	0.96	1	1.0	True	1	1.0	1
785	hom	False	33	1.0	True	2	0.75	1	1.0	True	1	1.0	1
805	cpx_het	True	108	0.75	False	1	0.8	2	0.6	False	1	1.0	2
806	hom	False	316	1.0	True	2	0.8666666666666667	1	1.0	True	1	1.0	1
808	cpx_het	True	69	1.0	True	2	0.8125	2	0.625	False	1	1.0	2
813	hom	True	29	1.0	True	2	0.9090909090909091	1	1.0	True	1	1.0	1
823	het	False	814	1.0	True	2	1.0	2	1.0	True	2	1.0	2
827	het	True	81	1.0	True	2	1.0	2	0.9375	True	2	1.0	2
828	hom	False	53	1.0	True	2	1.0	1	1.0	True	1	1.0	1
846	hom	False	323	1.0	True	2	0.9523809523809523	1	1.0	True	1	1.0	1
848	hom	True	167	1.0	True	2	0.8333333333333334	1	1.0	True	1	1.0	1
851	cpx_het	True	152	1.0	True	2	0.875	2	0.5	False	1	1.0	2
861	ref	False	0	1.0	True	3	0.8888888888888888	1	1.0	True	2	1.0	1
862	ref	False	0	1.0	True	3	0.896551724137931	1	1.0	True	2	1.0	1
864	ref	True	0	1.0	True	2	0.8205128205128205	1	1.0	True	1	1.0	1
873	het	True	38	1.0	True	2	0.875	2	1.0	True	2	1.0	2
884	ref	True	0	1.0	True	2	0.8571428571428571	1	1.0	True	1	1.0	1
888	het	False	36	1.0	True	2	0.9	2	1.0	True	2	1.0	2
896	hom	True	576	1.0	True	2	1.0	1	1.0	True	1	1.0	1
898	het	False	72	1.0	True	2	0.92	2	1.0	True	2	1.0	2
912	het	True	83	1.0	True	2	0.9047619047619048	2	0.9047619047619048	True	2	1.0	2
920	cpx_het	True	155	1.0	True	2	0.95	2	1.0	True	2	1.0	2
923	het	True	325	1.0	True	2	0.95	2	1.0	True	2	1.0	2
927	cpx_het	True	35	1.0	True	2	0.9375	2	0.8125	True	2	1.0	2
938	het	True	36	1.0	True	2	0.8888888888888888	2	0.9444444444444444	True	2	1.0	2
940	cpx_het	True	52	1.0	True	2	0.9	2	1.0	True	2	1.0	2
941	hom	True	48	1.0	True	2	0.9166666666666666	1	1.0	True	1	1.0	1
961	cpx_het	True	313	1.0	True	2	1.0	2	1.0	True	2	1.0	2
967	ref	False	0	1.0	True	2	0.5	1	1.0	True	1	1.0	1
983	het	False	310	1.0	True	2	0.9545454545454546	2	1.0	True	2	1.0	2
985	cpx_het	True	511	1.0	True	2	0.96	2	1.0	True	2	1.0	2
992	ref	True	0	1.0	True	2	0.8333333333333334	1	1.0	True	1	1.0	1
993	het	False	45	1.0	True	2	0.8571428571428571	2	1.0	True	2	1.0	2
999	cpx_het	True	208	1.0	True	2	0.9090909090909091	2	1.0	True	2	1.0	2
1002	hom	True	955	1.0	True	2	0.9444444444444444	1	1.0	True	1	1.0	1
1008	het	True	50	1.0	True	2	0.8421052631578947	2	1.0	True	2	1.0	2
1014	hom	True	108	1.0	True	2	0.7894736842105263	1	1.0	True	1	1.0	1
1015	hom	True	849	1.0	True	2	0.8260869565217391	1	1.0	True	1	1.0	1
1016	het	False	329	1.0	True	2	0.85	2	1.0	True	2	1.0	2
1022	het	True	68	1.0	True	2	0.95	2	1.0	True	2	1.0	2
1023	het	True	48	1.0	True	2	0.9565217391304348	2	1.0	True	2	1.0	2
1025	het	True	238	1.0	True	2	0.88	2	0.96	True	2	1.0	2
1028	het	True	145	1.0	True	2	0.8823529411764706	2	1.0	True	2	1.0	2
1032	het	True	741	1.0	True	2	0.92	2	0.96	True	2	1.0	2
1033	het	True	38	1.0	True	2	0.9642857142857143	2	1.0	True	2	1.0	2
1034	cpx_het	True	68	1.0	True	2	0.9393939393939394	2	0.9696969696969697	True	2	1.0	2
1036	het	True	30	1.0	True	2	1.0	2	0.6153846153846154	False	1	1.0	2
1039	ref	False	0	1.0	True	2	0.9285714285714286	1	1.0	True	1	1.0	1
1041	het	True	32	1.0	True	2	0.8571428571428571	2	0.8095238095238095	True	2	1.0	2
1042	hom	False	145	1.0	True	2	0.9545454545454546	1	1.0	True	1	1.0	1
1044	het	False	118	1.0	True	2	0.8918918918918919	2	1.0	True	2	1.0	2
1049	het	False	72	1.0	True	2	0.8148148148148148	2	1.0	True	2	1.0	2
1052	hom	False	317	1.0	True	2	0.8421052631578947	1	1.0	True	1	1.0	1
1057	het	True	169	1.0	True	2	1.0	2	1.0	True	2	1.0	2
1062	het	False	133	1.0	True	2	0.8571428571428571	2	1.0	True	2	1.0	2
1072	hom	True	2705	1.0	True	2	0.7222222222222222	1	1.0	True	2	1.0	1
1080	cpx_het	True	248	1.0	True	2	1.0	2	1.0	True	2	1.0	2
1084	het	False	31	1.0	True	2	0.9473684210526315	2	0.631578947368421	False	1	1.0	2
1088	ref	False	0	1.0	True	2	0.9565217391304348	1	1.0	True	1	1.0	1
1090	het	True	60	1.0	True	2	0.9523809523809523	2	1.0	True	2	1.0	2
1094	het	True	63	1.0	True	2	0.8823529411764706	2	0.8823529411764706	True	2	1.0	2
1102	cpx_het	True	132	1.0	True	2	0.9090909090909091	2	1.0	True	2	1.0	2
1105	het	True	28	1.0	True	2	0.8571428571428571	2	0.5714285714285714	False	1	1.0	2
1115	hom	True	175	1.0	True	2	0.9230769230769231	1	1.0	True	1	1.0	1
1121	het	True	33	1.0	True	2	0.9	2	1.0	True	2	1.0	2
1122	cpx_het	True	1067	1.0	True	2	0.8666666666666667	2	0.9666666666666667	True	2	1.0	2
1123	het	False	329	1.0	True	2	1.0	2	0.9473684210526315	True	2	1.0	2
1127	het	True	53	1.0	True	2	0.9090909090909091	2	1.0	True	2	1.0	2
1135	het	True	48	1.0	True	2	0.7619047619047619	2	0.8095238095238095	True	2	1.0	2
1139	hom	True	43	1.0	False	0	0.6666666666666666	1	1.0	True	1	1.0	1
1149	cpx_het	True	125	1.0	False	1	0.8	2	1.0	False	1	1.0	2
1156	hom	True	189	1.0	True	2	0.6428571428571429	1	1.0	True	2	1.0	1
1165	cpx_het	True	224	1.0	True	2	0.8421052631578947	2	0.9473684210526315	True	2	1.0	2
1167	het	True	104	1.0	True	2	0.9333333333333333	2	0.9333333333333333	True	2	1.0	2
1174	cpx_het	True	38	1.0	True	2	0.9411764705882353	2	1.0	True	2	1.0	2
1178	hom	False	314	1.0	True	2	1.0	1	1.0	True	1	1.0	1
1196	cpx_het	True	894	1.0	False	1	0.875	2	1.0	True	2	1.0	2
1197	het	True	98	1.0	True	2	0.96	2	0.92	True	2	1.0	2
1203	het	True	37	1.0	True	2	0.75	2	0.9	True	2	1.0	2
1206	hom	False	34	1.0	True	2	0.9047619047619048	1	1.0	True	1	1.0	1
1209	cpx_het	True	68	1.0	True	2	0.9	2	0.75	False	1	1.0	2
1210	het	True	2111	1.0	True	2	0.8823529411764706	2	1.0	True	2	1.0	2
1211	het	True	108	1.0	True	2	0.8823529411764706	2	1.0	True	2	1.0	2
1214	cpx_het	True	78	1.0	True	2	0.9047619047619048	2	0.9523809523809523	True	2	1.0	2
1228	het	False	1949	1.0	True	2	0.8888888888888888	2	1.0	True	2	1.0	2
1229	cpx_het	True	297	1.0	True	2	0.8571428571428571	2	1.0	True	2	1.0	2
1240	het	False	36	1.0	True	2	0.9565217391304348	2	0.782608695652174	False	1	1.0	2
1244	het	True	104	1.0	True	2	1.0	2	1.0	True	2	1.0	2
1247	het	True	30	1.0	True	2	0.9	2	0.6	False	1	1.0	2
1253	het	True	153	1.0	True	2	0.9375	2	1.0	True	2	1.0	2
1254	het	True	757	1.0	True	2	0.85	2	1.0	True	2	1.0	2
1259	het	True	42	1.0	True	2	0.8	2	0.95	True	2	1.0	2
1263	het	False	167	1.0	True	2	0.9545454545454546	2	1.0	True	2	1.0	2
1268	het	True	44	1.0	True	2	0.9473684210526315	2	0.8421052631578947	True	2	1.0	2
1271	ref	False	0	1.0	True	2	0.7727272727272727	1	1.0	True	1	1.0	1
1274	hom	False	30	1.0	True	1	0.6666666666666666	1	1.0	True	1	1.0	1
1276	hom	True	54	1.0	True	1	0.8	1	1.0	True	1	1.0	1
1279	het	True	105	1.0	True	2	0.9411764705882353	2	1.0	True	2	1.0	2
1288	hom	True	244	1.0	False	0	0.6666666666666666	1	1.0	True	1	1.0	1
1291	cpx_het	True	377	1.0	True	2	0.9166666666666666	2	0.9583333333333334	True	2	1.0	2
1292	het	False	341	1.0	True	2	1.0	2	1.0	True	2	1.0	2
1301	het	True	140	1.0	True	2	0.9032258064516129	2	1.0	True	2	1.0	2
1312	het	True	70	1.0	True	2	0.8571428571428571	2	0.9523809523809523	True	2	1.0	2
1315	het	True	58	1.0	True	2	1.0	2	1.0	True	2	1.0	2
1323	het	False	39484	1.0	True	2	0.9333333333333333	2	0.5333333333333333	False	1	1.0	2
1325	het	True	79	1.0	True	2	0.95	2	1.0	True	2	1.0	2
1327	cpx_het	True	46	1.0	True	2	0.9375	2	1.0	True	2	1.0	2
1350	cpx_het	True	92	1.0	True	2	1.0	2	1.0	True	2	1.0	2
1351	cpx_het	True	391	1.0	True	2	1.0	2	1.0	True	2	1.0	2
1357	het	False	32	1.0	True	2	0.9545454545454546	2	1.0	True	2	1.0	2
1359	het	False	6075	1.0	True	2	0.8333333333333334	2	0.9666666666666667	True	2	1.0	2
1361	cpx_het	True	116	1.0	True	2	0.7777777777777778	2	1.0	True	2	1.0	2
1363	het	False	67	1.0	True	2	0.9523809523809523	2	0.9047619047619048	True	2	1.0	2
1372	cpx_het	True	153	1.0	True	2	0.8888888888888888	2	0.9629629629629629	True	2	1.0	2
1378	het	True	36	1.0	True	2	0.7777777777777778	2	1.0	True	2	1.0	2
1380	hom	True	207	1.0	True	2	1.0	1	1.0	True	1	1.0	1
1381	het	True	80	1.0	True	2	0.8947368421052632	2	1.0	True	2	1.0	2
1386	ref	False	0	1.0	True	2	1.0	1	1.0	True	1	1.0	1
1405	cpx_het	True	353	1.0	True	2	0.8333333333333334	2	0.9166666666666666	True	2	1.0	2
1407	het	True	32	1.0	True	2	0.8571428571428571	2	1.0	True	2	1.0	2
1409	hom	True	179	1.0	True	1	0.7777777777777778	1	1.0	True	1	1.0	1
1425	het	True	56	1.0	True	2	1.0	2	0.9090909090909091	True	2	1.0	2
1438	het	True	43	1.0	True	2	0.8695652173913043	2	0.9565217391304348	True	2	1.0	2
1439	het	True	89	1.0	True	2	0.9565217391304348	2	1.0	True	2	1.0	2
1440	cpx_het	True	64	1.0	True	2	0.9583333333333334	2	0.5416666666666666	False	1	1.0	2
1441	het	False	1471	1.0	True	2	0.9047619047619048	2	1.0	True	2	1.0	2
1443	hom	True	156	1.0	True	1	0.8	1	1.0	True	1	1.0	1
1456	het	True	34	1.0	True	2	0.8260869565217391	2	0.9565217391304348	True	2	1.0	2
1457	het	True	128	1.0	True	2	1.0	2	1.0	True	2	1.0	2
1472	het	True	65	1.0	True	2	0.9090909090909091	2	0.9545454545454546	True	2	1.0	2
1474	cpx_het	True	774	1.0	True	2	0.875	2	1.0	True	2	1.0	2
1481	cpx_het	True	615	1.0	True	2	0.9428571428571428	2	1.0	True	2	1.0	2
1482	het	True	44	1.0	True	2	0.9523809523809523	2	1.0	True	2	1.0	2
1485	het	False	317	1.0	True	2	0.9090909090909091	2	1.0	True	2	1.0	2
1486	het	True	96	1.0	True	2	0.8333333333333334	2	0.8333333333333334	True	2	1.0	2
1493	het	True	37	1.0	True	2	0.8888888888888888	2	1.0	True	2	1.0	2
1495	het	True	38	1.0	True	2	1.0	2	0.9230769230769231	True	2	1.0	2
1500	hom	False	77	1.0	True	2	0.8333333333333334	1	1.0	True	1	1.0	1
1510	het	True	60	1.0	True	2	0.7692307692307693	2	1.0	True	2	1.0	2
1511	het	False	44	1.0	True	2	0.9090909090909091	2	1.0	True	2	1.0	2
1516	hom	True	723	1.0	True	2	0.9285714285714286	1	1.0	True	1	1.0	1
1521	cpx_het	True	608	1.0	True	2	0.9565217391304348	2	1.0	True	2	1.0	2
1523	het	True	212	1.0	True	2	1.0	2	1.0	True	2	1.0	2
1544	hom	False	63	1.0	True	2	1.0	1	1.0	True	1	1.0	1
1547	hom	True	51	1.0	True	2	0.7692307692307693	1	1.0	True	1	1.0	1
1554	het	False	84	1.0	True	2	1.0	2	0.9523809523809523	True	2	1.0	2
1558	het	True	250	1.0	True	2	0.9090909090909091	2	1.0	True	2	1.0	2
1561	het	False	151	1.0	True	2	0.8333333333333334	2	0.9166666666666666	False	1	1.0	2
1564	hom	True	72	1.0	True	2	0.9545454545454546	1	1.0	True	1	1.0	1
1571	het	False	956	1.0	True	2	0.9047619047619048	2	1.0	True	2	1.0	2
1572	het	True	52	1.0	True	2	0.8571428571428571	2	1.0	True	2	1.0	2
1576	cpx_het	True	298	1.0	True	2	0.8888888888888888	2	0.6666666666666666	False	1	1.0	2
1578	het	True	91	1.0	True	2	0.9333333333333333	2	1.0	True	2	1.0	2
1592	het	True	64	1.0	True	2	0.9166666666666666	2	1.0	True	2	1.0	2
1594	het	False	36	1.0	False	1	0.8571428571428571	2	1.0	True	2	1.0	2
1597	hom	False	319	1.0	True	2	1.0	1	1.0	True	1	1.0	1
1602	cpx_het	True	126	1.0	True	2	1.0	2	1.0	True	2	1.0	2
1604	het	True	22	1.0	True	2	0.9047619047619048	2	0.5238095238095238	False	1	1.0	2
1610	cpx_het	False	32	1.0	True	2	0.8421052631578947	2	0.8421052631578947	False	1	1.0	2
1615	cpx_het	True	234	1.0	False	1	0.7333333333333333	2	0.8666666666666667	True	2	1.0	2
1623	cpx_het	True	1420	1.0	True	2	0.9523809523809523	2	1.0	True	2	1.0	2
1630	hom	False	48	1.0	True	2	0.8461538461538461	1	1.0	True	1	1.0	1
1632	het	True	43	1.0	True	2	0.9473684210526315	2	1.0	True	2	1.0	2
1633	hom	True	432	1.0	True	2	0.8333333333333334	1	1.0	True	1	1.0	1
1635	hom	True	146	1.0	True	2	0.9411764705882353	1	1.0	True	1	1.0	1
1642	hom	False	335	1.0	True	2	0.9	1	1.0	True	1	1.0	1
1643	het	True	136	1.0	True	2	0.7777777777777778	2	1.0	True	2	1.0	2
1645	cpx_het	True	437	1.0	True	2	0.8529411764705882	2	0.9411764705882353	True	2	1.0	2
1647	het	False	34	1.0	True	2	0.9166666666666666	2	0.875	True	2	1.0	2
1657	hom	True	876	1.0	True	1	1.0	1	1.0	True	1	1.0	1
1665	het	False	225	1.0	True	2	0.8461538461538461	2	1.0	True	2	1.0	2
1672	hom	True	151	1.0	True	2	0.8947368421052632	1	1.0	True	1	1.0	1
1673	ref	True	0	1.0	True	2	0.9130434782608695	1	1.0	True	1	1.0	1
1680	het	False	47	1.0	True	2	1.0	2	1.0	True	2	1.0	2
1699	het	True	84	1.0	True	2	0.8823529411764706	2	1.0	True	2	1.0	2
1704	het	True	32	1.0	True	2	1.0	2	1.0	True	2	1.0	2
1711	het	False	35	1.0	True	2	0.9629629629629629	2	1.0	True	2	1.0	2
1715	het	True	5414	1.0	True	2	0.9130434782608695	2	1.0	True	2	1.0	2
1717	hom	False	75	1.0	True	2	1.0	1	1.0	True	1	1.0	1
1719	het	True	32	1.0	True	2	0.8333333333333334	2	1.0	True	2	1.0	2
1720	ref	True	0	1.0	True	2	0.75	1	1.0	True	2	1.0	1
1723	hom	False	144	1.0	True	2	0.9473684210526315	1	1.0	True	1	1.0	1
1733	hom	True	85	1.0	True	2	0.8823529411764706	1	1.0	True	1	1.0	1
1735	hom	True	25	1.0	True	2	0.8421052631578947	1	1.0	True	1	1.0	1
1737	het	True	46	1.0	True	2	0.9523809523809523	2	0.9523809523809523	True	2	1.0	2
1743	ref	True	0	1.0	True	1	1.0	1	1.0	True	1	1.0	1
1747	cpx_het	True	25	1.0	True	2	0.9090909090909091	2	0.6363636363636364	False	1	1.0	2
1755	het	False	316	1.0	True	2	1.0	2	1.0	True	2	1.0	2
1761	het	True	40	1.0	True	2	0.9	2	1.0	True	2	1.0	2
1778	het	False	81	1.0	True	2	0.9230769230769231	2	1.0	True	2	1.0	2
1781	het	True	7852	1.0	True	2	0.95	2	1.0	True	2	1.0	2
1782	cpx_het	False	52	1.0	True	2	0.8421052631578947	2	0.5263157894736842	False	1	1.0	2
1785	cpx_het	False	120	1.0	True	2	0.8181818181818182	2	0.9545454545454546	True	2	1.0	2
1787	cpx_het	True	1266	1.0	True	2	0.9411764705882353	2	1.0	True	2	1.0	2
1804	cpx_het	True	136	1.0	True	2	0.875	2	0.9375	True	2	1.0	2
1805	cpx_het	True	30	1.0	True	2	0.8571428571428571	2	1.0	True	2	1.0	2
1807	hom	True	45	1.0	True	2	0.9444444444444444	1	1.0	True	1	1.0	1
1814	cpx_het	True	40	1.0	True	2	0.875	2	0.9375	True	2	1.0	2
1816	hom	False	31	1.0	True	2	1.0	1	1.0	True	1	1.0	1
1829	hom	False	151	1.0	True	2	1.0	1	1.0	True	1	1.0	1
1834	het	False	37	1.0	True	2	0.9259259259259259	2	0.8888888888888888	True	2	1.0	2
1836	hom	True	324	1.0	True	2	0.9166666666666666	1	1.0	True	1	1.0	1
1849	cpx_het	True	57	1.0	True	2	0.9230769230769231	2	0.9230769230769231	True	2	1.0	2
1864	het	False	5	1.0	True	2	0.8823529411764706	2	0.5294117647058824	False	1	1.0	2
1876	het	True	349	1.0	True	2	0.9230769230769231	2	1.0	True	2	1.0	2
1884	het	False	325	1.0	True	2	0.9	2	1.0	True	2	1.0	2
1885	cpx_het	True	222	0.625	False	1	0.8	2	0.7	False	1	1.0	2
1893	het	False	118	1.0	True	2	0.75	2	1.0	True	2	1.0	2
1895	hom	True	455	1.0	True	2	1.0	1	1.0	True	1	1.0	1
1896	hom	True	90	1.0	True	2	1.0	1	1.0	True	1	1.0	1
1902	cpx_het	True	1517	1.0	True	2	0.8	2	0.8666666666666667	True	2	1.0	2
1906	het	True	43	1.0	True	2	0.875	2	1.0	True	2	1.0	2
1910	het	True	32	1.0	True	2	0.9411764705882353	2	1.0	True	2	1.0	2
1920	hom	True	541	1.0	True	1	0.5294117647058824	1	1.0	True	1	1.0	1
1923	cpx_het	True	34	1.0	False	1	1.0	2	0.8888888888888888	False	1	1.0	2
1934	het	True	1232	1.0	True	2	0.8947368421052632	2	0.9473684210526315	True	2	1.0	2
1951	het	True	69	1.0	True	2	0.96	2	0.84	True	2	1.0	2
1954	hom	True	76	1.0	True	2	0.9333333333333333	1	1.0	True	1	1.0	1
1959	het	True	1140	1.0	True	2	0.8947368421052632	2	0.9473684210526315	True	2	1.0	2
1965	hom	True	322	1.0	True	2	0.8823529411764706	1	1.0	True	1	1.0	1
1973	het	False	24	1.0	True	2	0.96	2	0.52	False	1	1.0	2
1974	het	True	30	1.0	True	2	1.0	2	0.9375	True	2	1.0	2
1981	cpx_het	True	90	1.0	True	2	1.0	2	1.0	True	2	1.0	2
1982	hom	False	4147	1.0	True	2	1.0	1	1.0	True	2	1.0	1
1994	hom	False	36	1.0	True	2	0.95	1	1.0	True	1	1.0	1
1997	cpx_het	True	611	1.0	True	2	0.9629629629629629	2	1.0	True	2	1.0	2
1998	hom	True	46	1.0	True	2	0.96	1	1.0	True	1	1.0	1
1999	hom	True	342	1.0	True	2	0.9130434782608695	1	1.0	True	1	1.0	1
2001	hom	False	324	1.0	True	2	0.92	1	1.0	True	1	1.0	1
